A,Y
1,-4.17776488645758
1,-1.96234393035861
1,0.294084272064754
0,-2.49710063889561
1,0.902438681081992
0,-1.88094631168564
1,-4.04615227486648
1,-4.22395286888936
0,-3.20989851590311
1,-1.44682224167753
1,-3.0763237941436
1,-0.594484826799121
0,-1.95506813596483
1,-0.512575281232026
0,-1.44074522116481
1,-4.68619373702842
1,-4.1683601110293
1,-3.94154503439022
1,-2.9979500403538
0,-0.912517149949363
1,0.963379399141035
1,-4.19386275001708
1,-2.58536393590621
0,-3.69472083950371
1,-2.70999405740439
1,-2.40882088522082
1,-1.63779736943188
1,-1.74307410649619
1,-1.479233321717
1,-4.37014202519986
1,-2.66153187579102
1,-2.84268056629847
1,-3.03072418795884
1,-5.17501029198986
0,-3.52440336191711
1,-3.29630965722089
1,-2.50990124522482
1,-3.8460427398604
1,-3.98190945401307
1,-3.1557714392822
1,-0.217368340143494
1,0.175051498542635
0,-0.541595833741075
1,-2.47189226673906
1,-2.819305039322
1,-4.3145215313122
1,-2.36093930242196
1,-1.99300487298077
1,-4.28218473034468
1,0.698412256898457
1,-2.88204456156409
1,-4.16024287250312
1,-1.28681820928729
1,-5.25973056194253
1,-1.65205646695777
1,0.272492147461507
1,-4.7803235446572
1,-1.53343925207058
1,-1.32230000181766
1,1.49887007765514
1,-0.0129592660695785
1,-4.11845969162687
1,-0.13266662551959
1,-3.01322111640054
1,-4.59955595858849
1,-0.933176335204186
1,-4.53536343134874
1,-5.71431922482269
1,-2.23412434311215
1,-4.43540387895169
1,-1.85063052319331
0,-1.56835277113911
0,-3.58545574773622
1,-1.52103906833775
1,-4.16376677674376
1,-0.664453656035966
1,-5.08050912249883
1,-1.28524584907166
1,-4.76429034251988
0,-1.8764697961756
0,-0.913563573839151
1,-2.20401628558009
1,-1.54338115545459
1,-1.78715979220834
1,-1.93446765316611
0,-2.52203255030723
0,-3.14538678183592
0,-0.947107334930042
1,-1.10151147753379
1,-4.62651048930436
0,-4.31819814549681
1,-3.00069924210889
1,-3.48503086920896
0,-4.16559928080074
1,1.12035701321375
0,-2.84970297143655
1,-2.86051584295669
1,-2.37897116396644
1,-3.16365953772637
0,-1.0322071480795
0,-1.73616482512235
1,-4.09365101637018
1,-6.39422637119909
1,-3.95605729254268
1,-1.42541438046266
1,-5.03720866092915
1,-0.626843568630172
1,0.752922235060037
1,0.287198044704691
1,-2.94592282980544
1,-5.10254884544563
1,-3.95040658761658
1,-3.56221351269212
1,-0.300005683432134
1,-2.7419177849404
1,1.00812694950827
1,-0.792323855462075
0,-3.56435200097773
1,-2.26100965100947
0,-3.17501995436315
0,-4.5718600748089
0,-3.42546426382467
0,-1.9083102389366
1,-1.41679592976256
1,-0.631053535458606
1,-0.0441932628134676
1,-4.99589715004854
1,-0.424466510857162
1,-1.37401628482937
1,-1.93495396906018
1,-0.466403322199258
1,-0.455557493106617
1,-4.15217313920689
1,-1.0248868975283
1,-3.29898228216193
1,-1.58507518146202
1,-2.7202102159348
1,-2.72466504355193
1,-4.73600682540324
0,-0.240935931374357
1,0.0794022294816585
1,-1.47789128250464
0,-3.55224940184576
1,0.455630512313194
1,-1.23852701352985
0,-4.56914722705715
1,0.264108054329069
1,-1.32734928638654
1,-0.367541715927089
1,-2.30346272295383
1,-3.26116202679852
1,0.141540260441248
1,-1.14455062345758
0,-3.45642729986842
1,-0.926804028793684
0,-1.7379831747309
1,-0.956589581047588
1,-4.93855953431764
1,-5.50647305740862
1,-4.85296917776914
1,-0.604690358119082
0,-2.53011474149302
1,-3.57607501384237
1,-0.667304251169496
1,-5.67593267193774
0,-2.46789917125197
0,-1.10795666837813
1,0.977850099591688
1,-3.22453996155526
1,-0.338184755654079
1,0.577926649726397
1,-3.44486192956478
0,-4.09887352255408
1,-4.43732335780444
0,-3.63606948177756
1,-0.446638711485505
1,-1.11701083010014
1,-3.26118870689958
1,-1.07889734350114
1,-1.8576358995234
1,-1.3975895788844
1,-1.21776917201211
0,-3.6684368093892
1,-2.06148562498366
1,0.0124465122360208
1,-3.63587388424145
1,-3.24506562425984
1,-3.96552662598416
1,-1.77039870749043
1,-4.42162176236714
1,-2.45077973948272
1,-4.7800425556274
1,-3.2977851450396
1,-1.00552177741518
1,-2.3504698588146
1,-0.128800880514213
1,-4.74795851300238
1,-4.31756971209576
1,-0.382029790949257
1,-2.07333261299046
1,-1.15831089877929
1,-0.535437724992644
1,-3.18146828728828
1,-1.65647941077544
1,2.67085626794237
0,-1.56504456239176
0,-0.54550898440616
1,-1.31707051924909
1,-2.73999982978166
1,-1.74198548289587
1,-1.60647081611271
0,-3.31138769233616
1,-2.94687606214462
1,-3.37985715841325
1,-2.43218862369556
1,-4.46025491977254
0,-1.29324993240111
1,-1.74709055122482
1,-3.31161688065396
1,0.0805448955573701
1,-3.12036398703754
1,0.429208132933037
1,-0.26686052908253
1,-1.54206359757527
1,-2.22702250621118
0,-2.57683135769879
1,0.556776653461839
1,-0.314831657695698
0,-1.43169065346848
1,-0.677593846843885
1,-1.9494345245026
1,-4.81123897355726
1,-1.85054776548752
1,0.563188746731409
0,-1.81038999642767
0,-3.06071569501849
0,-3.05439675239871
0,-2.95164344166152
1,-1.5873914490611
1,-4.83769109800901
0,-4.05847620929163
1,-1.83258253131267
1,-1.32924078849745
1,0.410223020298948
1,-2.20851062384322
0,-4.90795714265756
1,-3.28268457050509
1,-0.580115951950837
0,-3.63466905143568
1,-1.29886800231467
1,-0.840106242262966
1,-3.00991775859166
1,-3.97675858951965
0,-2.23158398695158
0,-1.36959171465068
1,-1.78385256368956
1,-1.19845162031994
1,-5.88362852621688
1,-0.404647921484034
1,-2.97603845820728
1,-1.32737906257384
1,-3.08824618440872
1,-0.95170360598602
1,-4.25786625198594
1,-3.44216808541896
1,-3.31671930438676
1,-2.42933963418664
1,-2.27440231331677
1,-6.11294825671927
0,-2.22004114751978
0,-2.72949090527182
0,-2.97354087318796
1,-3.84445208004499
1,-2.99899534203069
1,-4.48472665127908
1,-4.32020817138044
1,-1.46447747906921
1,-4.78315894159682
1,-4.00104125240792
1,-2.38063347775603
1,-3.55819303363662
0,-1.04359319246927
1,-2.00594153142553
1,-2.71478437279697
1,-1.44708035610899
0,-2.94316421710029
0,-1.79236714541944
1,-0.752294442938608
1,-1.65516718661975
1,-4.50560185596036
1,-1.01483780181852
0,-2.72151906203064
1,-1.48922190972834
1,-0.200008282388724
0,-2.30846595572478
1,-2.73245128792389
1,-2.44686654754796
1,-0.3368303921531
1,-3.02540732082649
1,-2.91856740033696
1,0.0180760718334032
1,-0.540741364394909
1,-2.59554128840086
1,0.66476088710229
0,-1.62705355659447
1,-2.40454068651894
0,-3.06587822696449
1,-1.82302557056812
1,-3.7657466578221
1,-2.54315940923113
0,0.735034095344298
1,-0.418147702133713
1,-3.84547282392041
1,-2.9317606281911
1,-3.90393480477571
1,-1.24867662208892
1,-1.93898222805572
1,-1.73587866501235
1,-0.281987850845728
1,-0.444635733055431
0,-2.00671272821571
1,-3.44557443769642
1,-2.85264847883103
1,0.689630130011674
1,-1.67445017017885
1,-4.2255791376972
1,-4.09174298393805
1,1.19964109488133
0,-1.84881476094184
1,-2.69763578981753
1,-4.01506118488145
1,-3.24685574832383
1,-2.64818190176296
1,0.146245591789405
1,-2.27789095550091
1,-1.32306223441172
1,-2.48923833905739
1,-3.68911076396645
0,-3.23476511870591
0,-3.12802475390889
1,-1.2790718149474
1,-2.58200912299048
1,0.767067210204062
0,-2.28666576994003
1,-0.520209086118507
1,-4.00979388757687
1,-5.37178760261473
1,-4.15304633024695
1,-3.39721496721566
1,-2.67725834745507
1,0.552582377564038
1,-3.8759801226839
0,-1.97892953476546
1,0.32640399491566
0,-1.39107154788275
1,-2.55025589279753
1,-4.64635493683843
1,-2.93338355131995
0,-2.95365199666743
1,-2.77556351422773
1,-4.94364725062253
1,-2.93418001271487
1,0.0963226732617769
1,-0.973903679676152
1,-1.42743096837839
1,-1.19876654553384
1,-1.3471321099268
1,-4.02637104128751
1,-4.13050562041424
1,-1.16154831564991
1,-2.04521628893719
1,-5.5213204937408
1,-2.31753299913576
0,-2.71015095143759
1,-3.7055547945779
1,0.534953102750454
1,-1.87237511918061
1,-2.21916512904446
1,-1.76557765882317
0,-2.44115827550854
1,-0.27124132023265
1,0.205870395393225
0,-3.97212671763858
1,-2.4491301061587
0,-3.00276481910411
1,-2.23444932693221
1,-1.91833342506581
1,-2.51708435159067
1,-1.19987090685855
1,-4.4127688469403
0,-1.82599511509975
1,-2.14801135580862
1,-0.349882204572862
1,-3.37905594346965
1,-4.33032295330806
1,-3.09114098502582
1,-1.73277621818507
1,0.0156808128126893
0,-0.0524537515687828
0,-2.45790841800552
1,-1.46081615475061
1,-5.16225100559339
1,-5.25557959860281
0,-1.41610381556227
1,-1.77184459566909
1,-5.06105775344545
1,-0.349531337727514
1,-3.09430393915602
1,-0.448812594032647
1,-4.40792116216594
0,-4.57965025706966
1,-3.58265902440164
1,-2.53132224416737
0,-1.21912470840122
1,-2.5614564000384
0,-0.683021870910703
1,-0.501685607264716
1,-4.33570440720581
1,-3.3524320782901
1,-0.275775129850699
1,-3.01004897344163
1,-4.40265752002151
0,-1.57002541954313
1,-2.09411771521233
1,-4.97468358495026
1,-2.4779361967709
1,-1.76218022834001
1,-1.1014445417465
1,-2.3495228553864
1,-0.717472050216044
1,-2.98201621941626
1,-2.21326747837752
1,-0.85318918575769
1,-0.741709095061778
1,-1.65279566256679
1,-0.5643425932399
1,-3.75275132420392
1,-4.04350179494485
1,-1.01471988536575
1,-0.780676515381783
1,-1.64179936177158
1,-1.47398613087013
0,-2.16690454661926
1,-3.53250370097701
1,-3.24194135127516
0,-3.28755671859113
1,-5.12414948497877
0,-3.40963043862728
1,-1.11499347093487
1,-4.62967587500614
1,-3.52319763485577
1,-2.21200657033288
1,0.621079426983226
0,-0.97925508503463
1,-3.10458853346873
0,-5.37470339012963
1,-0.190063082237511
1,-2.01982921723744
0,-3.28224442265508
0,-0.891304149927966
1,-5.34761507550949
1,-3.28158190298017
1,-2.76201381198057
1,-5.45862465898191
1,-5.26833446915199
1,-2.23186654313801
1,-1.57294436749162
0,-0.920661694253037
0,-1.62533092581415
1,0.266009495093828
1,-2.01982789686521
1,-3.14370907792151
1,-1.18611251397279
1,-3.6073183884848
1,-0.954566358139717
1,-2.16325946657688
1,0.908626385449697
1,-2.18393481567916
1,-2.75054043186151
1,-0.677200781982785
1,-4.40819895711276
1,-5.79429313627449
1,-3.67574164919498
1,-2.99798276238185
1,-2.40694256409415
1,-3.31291798699168
1,-1.08279111004362
1,-1.26218425043069
1,-2.38979190629875
0,-4.20672643249599
1,-2.95158387550374
1,0.670314211362045
1,-0.775346597096645
1,-3.80248904805002
0,-0.810041971539868
1,-1.94925729640868
1,0.596075651093963
0,-3.81948743725322
1,-2.50500627184308
1,-6.0491298375299
1,-4.83837012243762
1,-0.591601283980524
1,-3.90815501647788
1,-3.19601463629443
1,-1.85969278993489
1,-3.24487372457424
0,0.3501730657262
1,-2.64020212915414
1,-2.79355337026466
1,-1.30814200699496
1,0.125421122798338
1,-1.95971283553242
1,-1.09795042749932
0,-0.643762517844567
1,-2.94337454983088
1,-1.32142398472715
1,0.565703804518122
1,-6.47666235653117
1,-1.55773613450964
0,-3.13187376459437
1,-1.59835068392816
0,-2.01088369431552
1,-2.52776353157923
1,-3.91460031735219
0,-0.837061814313686
0,-1.26542590667277
1,-5.83698058152789
1,-3.3946757019841
1,0.322735234350987
1,-1.66806659566498
1,-0.257938169358373
0,-4.01137234860989
0,-3.14171055657146
1,-4.92827991750899
1,-2.12837666132591
1,-2.56961315439802
1,-4.48863477812524
1,-3.08722136980014
0,-2.58033293569545
0,-3.17951128243643
1,-3.85353852024227
1,-4.87389753003665
1,-5.22507538135369
1,-4.97036855119002
1,-5.40636809672633
1,-6.90954742773859
1,-1.12109789764209
1,-1.1145179721204
1,-1.51622543619267
0,-2.00746581590393
1,-1.78112361061646
1,-2.54006907639283
1,-1.59971191160068
1,-2.78431260534783
1,-3.35644796289694
1,-3.00259414219825
1,-2.83536570010052
1,-2.13846435828173
1,-3.98568279403127
0,-1.6846643404301
1,-3.07433808924315
1,-4.1958207955863
1,-0.0501837805698363
0,-3.75136354047862
1,-4.41929457561939
0,-2.45644728135758
1,0.158481625522712
1,-2.32982582785777
1,-4.24757112042573
1,-3.66970681184099
0,-2.89723104381603
1,-3.04745887370093
1,-4.6740645448044
1,-3.57252572776343
1,-5.94210503156962
1,-2.28416127923528
1,-5.25042652688883
1,-3.52464871543424
1,-3.93528487540703
0,-3.49819489123445
1,-4.1473621941699
1,-4.82794829633498
1,-4.62183545197709
1,-0.220701039175591
1,-3.97027362666094
1,-1.86720431815824
0,-2.20919009039624
1,-3.10435381046731
1,-2.91766765247051
1,-2.32310606109289
1,-1.92232834111562
1,-3.70373651192184
0,-2.32147150257819
1,-1.24005571441786
1,-4.28785607910648
1,-3.21014160709489
1,-1.63546533679817
0,-3.53575579903889
0,-1.98280776196511
0,-1.64409418338898
1,-3.42389115531619
1,-2.41776978569639
1,-0.202218846857129
0,-3.6094999238092
1,-2.52220042383036
1,-4.06500927625202
0,-1.46408298862549
1,-1.74064537893262
1,-2.18607038619765
1,-3.12564551740868
0,-0.589086145500349
0,-2.72012178974908
1,-4.64171860330743
1,0.575754580246925
1,-3.82892141174084
1,-2.54103097839401
1,-4.78150053198551
1,-1.29191673456515
1,-3.75197581014832
0,-0.354667258295668
1,-3.28484872752035
1,-1.69566984555637
1,-3.93383599483386
1,-4.84572666512245
1,-2.50935368653018
1,-3.03395165572421
1,-1.0426395142384
0,-1.54573491984798
1,-2.73775546595854
1,-1.4301061319579
1,-4.05259456529197
1,-6.02802724889053
1,-4.94023831364727
0,-1.76521172438342
1,-1.77131173333997
1,-1.11508277270578
0,-2.82979446806778
1,-0.212129854901053
1,-2.96975411113067
1,-0.574489516460662
1,0.809979027045558
1,-4.19020565063037
0,-3.5191183213466
1,-3.2859658849257
1,-4.61414786770431
1,-0.601177760931262
1,-4.66189034797975
1,-4.11317248473278
1,-1.37918106238821
1,-2.09112678779402
1,-3.41873718882276
1,-3.19199729242896
0,-2.15955290534604
1,0.419863732262725
1,-2.77183661987319
1,-0.268774281079316
1,-4.57458853579944
1,-5.01650631493679
1,-6.26643785317035
1,0.33532399306732
1,-3.99119253996
1,-2.00405755190757
1,-3.77339727601431
0,-1.29854934271667
1,-2.98671041808249
1,-3.87957368622528
1,-3.80099572036346
1,-2.09684651957428
0,-2.09919436413205
1,-0.576787946864507
0,-2.98264408494469
1,-5.06965319656663
1,-3.67758231394174
1,-2.70861719355039
1,-4.1968202669723
1,-0.00655607652650292
0,-1.32272469166686
1,-1.4094491068582
1,-4.35908926235065
0,-3.49868753044036
1,-4.4789186755762
1,-3.21862206999408
1,-2.08984084593544
1,0.668183255247866
1,0.235980003274872
1,-2.04342099705236
1,-1.52460119591566
1,-0.953829455677984
1,-1.0266502341232
1,-0.49655464932645
1,-2.23544454693041
0,-3.34607389120849
0,-4.56696357992346
1,-1.15549430182584
1,-1.09117672938721
1,-2.28087281563694
1,-4.05462510566823
1,-4.05239394299405
1,-2.34396471097876
1,-4.48273705118599
1,-0.759038826453716
1,-3.41230246075382
1,-0.845195446550831
0,-2.40648665399729
1,-3.49004594995573
1,-2.03689041725278
1,-2.65178318562492
1,-0.526005844938523
1,-1.46557947771487
1,-1.00134700320016
1,-3.08369204555624
1,-0.521920775997598
1,-0.542534023952494
0,-4.08969610959163
1,-3.1012086462988
1,-3.37626087137752
1,-4.6318088194609
1,-3.49229221808021
1,-0.000438616432413053
1,-1.50363460856366
1,-3.0953530519274
1,-0.513276422179741
1,-1.99522667766642
1,-5.00484038375935
1,-2.10621281472719
1,-2.08942860790007
1,-3.15509718348124
1,-2.11222884769711
1,-3.32695551946618
1,-4.65098987915668
0,-2.02500090051015
1,-4.8339369446378
1,-3.286974786089
1,-2.355414174822
0,-1.04664245607949
0,-1.73158196754003
0,-3.45809253044656
1,-2.87096861497451
1,-0.245381890650806
1,-2.94041265682278
0,-2.14187986000034
0,-2.39163125482574
1,-2.23816879369331
1,-0.586073099163204
0,-1.68150718826108
1,-3.15199231350892
1,-3.59971713432302
0,-0.602687882752023
0,-0.451621434396235
1,-1.78635571596261
0,-1.01965054684063
1,-0.675631143936784
1,-2.9609587563717
0,-2.13024288366511
1,-1.33552047591953
0,-3.08175839725142
1,-2.15503715029105
1,-2.3939376891741
1,-2.87401815153371
1,-2.97398794179688
1,-5.76534624531375
1,-5.12016118778671
1,-4.54081975027956
1,-4.51482739869123
1,-0.190119941723389
1,-1.85154081403818
1,-1.35161555435981
0,-2.64171521266599
1,-1.56907240516608
1,-1.32689768320557
1,-1.10820717570993
1,-3.39713447327038
1,-2.66803884000697
1,-0.60806151198529
1,-1.98790233611992
1,-4.65708256382874
1,-1.65393000225947
1,-4.01684212309183
1,-2.68264539403731
1,-4.96344177581052
1,-5.3073531659909
1,-1.25540467575059
1,-1.10237635073426
1,-3.22855581937396
1,-0.259989409466502
1,-3.3346180953781
1,-4.76771940133553
1,-3.95372452902079
1,-0.415278360762939
0,-2.57160469848992
1,-4.82086870847182
1,-1.41114553420724
1,-2.48289061842382
1,-2.22871322440099
1,-0.17302865001491
1,-1.37203722426781
1,0.24338267804279
1,-3.72653777717439
1,1.41088808814148
1,-5.12226183638893
1,0.918943953541024
1,-4.29994985141485
1,1.20912755332878
0,-2.13409486799852
1,-3.81441200873105
1,-3.38215751696473
1,-2.67157724353302
1,-1.06379469856305
1,-0.681668846161932
1,-3.06028052750459
0,-4.002134374877
1,-1.44815952125657
1,-2.8829433665251
1,-2.21041622858205
1,-1.90037469804453
1,-1.49513635314283
1,-3.2536722298663
1,-4.4950460392835
0,-1.20697266399518
0,-3.37047683807487
0,-2.45372354008073
1,-0.53056418669517
1,-4.03034923264303
1,-2.630390376151
1,-3.09695475694494
1,-5.3711965183475
0,-2.41310883709775
0,-2.83275557330906
1,-2.25084220350485
1,-3.00656942738472
1,-2.57015332316486
1,-0.836641342740756
1,-2.52575075602001
1,-0.280487923655303
0,-2.44039878553772
0,-3.32996107812226
1,-1.88190392820593
1,-0.0489146308894064
1,0.123046126968105
1,-3.24507185704678
1,-1.28658724994854
1,-0.906324257828684
1,-2.8859144743335
1,-1.58252461506054
1,0.0266988769410742
1,-1.43234202879072
0,-1.74724596485751
0,-2.90838903557632
1,-4.54464163983576
1,-6.7709194562559
1,-2.332651101517
1,-2.51962020295298
0,-3.01542242441374
1,-4.6782863438493
1,-1.57266484220165
1,-3.49009697383671
1,-3.17590968979801
1,-1.88486359113845
1,-2.58351145115181
1,-2.40421914784321
1,-2.08259576572032
1,-4.00242836663306
1,-1.39249959235271
1,-2.04684758811047
1,-1.68338742907776
1,-1.40200742274629
1,-1.08717774915147
1,-4.94548367318085
1,-0.915569024622762
0,-1.3328533322891
1,-3.3029289388665
1,-3.60959254503831
0,-1.49660781963345
0,-3.5434639331125
0,-1.38676295947545
1,0.151573103242999
1,-0.768369730391038
1,0.50157249843651
1,-0.620342737355994
1,-1.76728917350416
0,-1.64543101339798
1,-3.83140300074486
0,-3.80372022924334
1,-0.627570989221209
1,-0.189612462548352
1,-0.241846012559064
1,-3.90420276028086
1,-0.26122032591024
1,-6.31157254014685
1,-1.75484851589121
1,-1.89389073759984
1,-2.1606426079769
1,-0.296551599361579
1,-2.00171802679691
1,-5.7351096694693
0,-2.3427925882823
1,-1.11983103498491
1,-3.13229005652215
1,-4.22653818784489
1,-4.017411106006
1,-5.2382835767625
1,-4.00572162542176
0,-3.88848599509092
0,-1.75031466639633
1,-3.59368558309088
1,-5.8711369073965
1,-4.30480454414116
1,-2.57225969074048
1,-0.99181170312888
1,-4.82979567739791
1,-3.54107133586577
0,-2.90077580913436
0,-0.583134693525186
1,-1.6282864389762
1,-0.248000499940956
1,-0.102172249383351
0,-1.39031286122527
1,-2.64214496008513
1,-4.76698691466388
1,-0.985422676423195
1,-1.74026864300142
1,-2.87730737042501
1,-3.68854097715576
1,-2.30640616218315
1,-6.84459500280208
0,-2.00960890671123
1,-4.9765718782816
1,-2.63859818282427
1,-4.91697509298645
0,-2.34269084535722
1,-0.919621924517605
1,-3.27421749915577
0,-2.15796567795599
1,-1.46196833021034
1,-2.6517670165159
1,-1.98803857923495
0,-4.44908883350491
0,-3.05979967358213
1,-2.31092309460949
1,-1.64928945298849
1,-1.12983033181847
1,0.10867234359533
1,-1.83142887397237
1,-0.819423816250524
1,-3.23909235244772
1,-1.05677915733899
1,-4.2929965834268
1,-2.8023091452642
1,-2.73533806129054
1,-4.15097062026802
1,-2.19130086693407
0,-1.94738305011328
1,-4.45743086983418
1,-3.78160291471154
1,-1.69359682535668
1,-2.47641148533766
1,-4.65390602597978
0,-1.06868477064434
1,-4.70768198481826
1,-4.96362252107808
1,-0.150974178921495
1,-2.35359880049758
1,-4.59765201005899
0,-1.97337875904087
1,-4.53499682705672
1,-3.68540864458095
1,-3.36755169365689
1,-1.55213274797554
1,-2.99436456984345
0,-1.36579289020605
1,-3.12656328792192
1,-2.72338394601573
1,-2.01853403502046
1,0.878538499135744
0,-2.48102193669274
0,-2.49460445028584
1,-2.61455322523909
1,-2.96018648767069
1,-4.05251948246794
1,-1.22069912959299
0,-3.13613812663694
1,-2.0581353229952
1,-4.19171003588863
1,-4.54572717968796
0,-1.63912843466017
1,-6.13223766842122
1,0.260902992432153
1,-3.35835883097564
1,-1.06373528347198
1,-7.39164572300122
1,-3.90747945311066
1,0.0137384999960016
1,-3.3386775200853
1,-2.2637563360514
1,-0.561710743272493
0,-2.05560459179511
1,0.0560871905363973
1,-2.43528076420195
0,-1.80755617780566
1,-2.09087035807588
1,-2.77782013202066
1,-4.05913311305209
1,-0.251324316800705
0,-4.09557411727294
1,-2.64065614360847
1,-2.79860066436286
1,-1.56585012961959
1,-3.83322369915098
0,-1.60730455020672
1,-3.77639566054242
1,0.297526763882431
1,-1.07061957443222
0,-2.25725898592089
1,-3.03551150416319
1,-0.879560031385392
1,-2.57036251857106
1,-3.70633811665986
1,-4.05388493530663
1,-1.20138754421606
1,-4.05499374431376
1,-2.82659696574333
0,-1.51841012701777
1,-3.24950514805703
1,-0.294950272738667
0,-2.39463979730366
1,-3.96836042617924
1,-4.6147463362913
1,-1.77712340968145
1,-0.803230798308289
1,-4.21601538084428
1,-2.93031819964195
0,-2.50705867599219
1,-3.16834738504715
1,-1.7749267973465
1,-5.55811807522958
1,-0.429202270297432
1,-5.16809899300916
1,-2.73554309531099
1,-3.65873269710905
1,-1.9033400688697
1,-1.17918498985686
1,-2.55178737822586
1,-4.50832815602163
0,-2.44252480613509
0,-3.1731013679427
0,-2.93063134159255
1,-1.15811404263949
1,-0.0853881499219779
1,-3.5788708905977
1,-1.28594944486163
1,-2.46777959556925
1,-1.321477984547
1,-3.69394319277787
1,-4.3776071398538
1,-2.82024316623075
0,-2.13594676868465
1,0.0558715696610985
1,-1.43945153157772
0,-1.27746747492475
1,0.0626959419388781
1,-3.09470966879454
0,-1.77671585353841
1,-2.8793898239305
1,0.430248966296262
0,-2.0854506774826
1,-0.102110017696665
1,-0.298838686248071
1,-2.12192768916233
1,-2.23159518484661
1,-4.62426553038539
1,-0.861894739540515
1,-4.68777698752234
1,-4.44739137130973
1,-4.2852481387295
1,-2.82089622651679
1,-4.15305542169271
0,-2.12575359223077
1,-0.942816821548571
1,-1.16990139092472
1,-0.0183339450918236
1,-4.09710130875861
0,-2.89604210504339
0,-3.16064608662759
1,-2.24455155840891
1,-0.33578432095629
0,-1.1719559660924
1,-0.67779551122919
1,-0.62025834036416
1,-0.336718370133804
1,-2.45355710366087
1,-3.41932896084882
1,-2.40068565879007
1,-1.87508036377911
1,-1.42309310377057
1,-1.46125031699537
1,-1.92090386413768
0,-3.21272556391267
1,-2.30831571222833
0,-3.97334708677229
1,-4.11202370902573
0,-1.94332212041837
1,-4.1317099585263
1,-2.27291946206199
1,-1.13450261106933
1,0.81393922297479
1,-5.94805648862148
0,-1.93562796039091
1,-0.965504641362164
1,-1.78396637771566
1,0.977410148255647
0,-2.8100581735298
1,-2.42480549219477
1,-2.17101527308093
1,-3.62077052321424
1,-1.91880532972299
1,-1.73977631922568
1,-4.40313200898357
1,-4.36440150572846
1,-2.92075967613767
0,-2.66435430408506
1,-3.72625362750771
1,-1.62090929706519
1,-1.8477530016661
1,-2.44695710391159
1,-5.26798928438153
1,-0.648313769261889
1,-4.44036505194593
1,0.402669136814863
1,-3.6176916405708
1,-6.34560004097308
0,-2.53765987159502
1,-4.18645576354553
1,-0.964584859164032
1,-3.837002346445
1,-5.02690215838879
1,-3.60740347029659
0,-2.98302953879185
1,-2.45807669646316
0,-1.93458194918268
1,-0.727982249580316
1,-2.69184465040557
1,-0.847348921488154
1,0.506909345764364
1,-1.63461605346645
1,-4.1864644140878
1,-0.00489352044368091
1,-4.6647445481045
1,-1.2990227888254
1,-2.15819425429493
0,-2.40267508962418
1,-1.87310952341077
1,-5.18352041776959
1,-1.1771689093871
1,-3.54032841260475
1,0.813535129086387
0,-1.76347999588905
1,-4.26361330250556
1,-0.242122207657863
0,-0.719680055706124
0,-2.64045958443905
1,0.159874375223445
0,-1.26539945980883
1,0.0657972926008881
1,-2.85629958175679
1,-2.36413676724231
1,-2.37010853632608
1,-3.7441354343633
1,-4.098457847221
0,-0.158330830980872
1,-1.78334189365504
0,-1.94207129747933
1,-4.27039842241612
1,-3.11336635790956
1,-0.424073307161055
1,0.831568316165492
1,-3.59885553238685
1,-3.50510609064455
1,-3.37675624675725
1,-2.64282905182057
1,-2.1486023737721
1,0.105010339625903
1,-2.62821105913965
0,-2.00272533316514
1,-0.976474257783924
0,-0.927907573835051
1,-0.44179804206816
1,-2.70836657110888
0,-3.83257739973691
1,-1.22630203712377
1,-2.76690575439037
1,-1.46568925625636
0,-2.64031337899635
1,-3.16923331767969
1,-6.44654845492777
0,-0.577349669379878
1,-3.09639033389592
1,-4.16731904265527
1,-2.85275397290783
0,-1.66337579145071
1,-4.89916908560791
1,-4.48053519339073
0,-3.15512526510292
0,-1.28728845236525
0,-2.55736768674095
1,-1.69914405265853
1,-0.930352535672942
0,-2.36491005483072
0,-4.9881268638732
1,-3.28781595008891
1,-2.16148896450827
1,-4.69688960424503
1,-1.54906668083683
1,-4.5396614100046
1,-1.46498813531905
0,-1.58069061948074
0,-1.80387013914985
1,-3.82048016770156
1,-3.09848923440584
1,-1.62330724719476
1,-5.44136792170472
1,-4.50804075957504
1,-5.08219738299957
1,-2.27016137664626
1,-3.41294643048905
0,-0.561693654249449
1,-2.96845801010557
1,-1.09917500345707
1,1.28096168113169
1,-0.355596861605331
1,-3.34350783353464
1,-2.04363918428959
0,-2.50552409125122
1,-0.644389625731476
1,-4.571555269262
1,-1.8728831679065
1,-4.31232965025983
0,-3.23913109699919
1,1.21582011256516
1,-3.50179471356167
1,-2.46723062939426
1,-5.04370702237328
1,-6.07984804354622
1,-2.64430017934936
1,-1.05542683770824
1,-2.6632499696408
1,-2.94850732141224
1,-3.00437222210433
1,0.278239890584148
0,-2.95543860158649
1,-0.494864581746036
1,-3.38756235117464
1,-0.69321395476101
1,-3.30737234035059
1,-4.60442011312829
1,-3.71847807739894
1,-4.31821249833544
1,-4.03273821669591
0,-2.62942708999811
1,-4.48526253919943
1,-2.24283147737717
1,-0.658859874654576
0,-1.30714809025895
1,-2.4985018142651
1,-1.95293978623407
1,-3.31389399880063
1,-2.56576805069025
0,-2.67363144246763
1,-1.37840427962986
1,-0.343835804888123
1,-2.64449891646944
1,-3.8423401722845
1,-3.52500767054503
1,-3.17363504545602
1,-2.17921706054702
1,-4.00797840473586
1,-0.999159192983085
1,-3.58717674265332
1,-2.92698137024471
1,0.192765071474882
1,-1.42293538263513
1,-5.55532212970391
1,-1.84233359565279
0,-2.70474881248782
1,-1.6635824858969
1,-3.40313403132007
0,-3.25247308604642
1,0.0679197627982178
1,-1.74409187911095
1,-1.8491497953668
1,0.130113141848477
0,-3.79832991106798
1,-1.31130593191923
1,-1.82965964241825
0,-1.46049428955371
1,-0.547430610275931
0,-2.20148095554856
1,-2.15421323726713
1,-3.40888998261995
1,-2.45939466674251
1,-3.61195471584667
1,-2.59498061486368
1,-1.59606769966462
1,-4.80109144884698
1,-0.794823574389425
1,-5.70236578200072
0,-4.01028541416697
1,-0.964747086459823
1,-2.27448299320705
1,1.00248367333672
0,-1.60847126478906
1,-0.0377192778816742
0,-4.17140265047814
1,-1.61198747442988
1,-2.05630249086338
1,-4.68833400180857
1,0.331104109708724
1,-2.06234908930418
0,-2.84465996782618
1,-0.838898904974391
1,-0.824260716424738
1,-0.913383267241305
1,-0.581330087113037
0,-1.60428672637003
1,0.0938410978056416
1,-0.433288306424405
1,-1.93303107750858
0,-2.04907162844366
1,-2.22819384897115
1,-1.90058517789789
1,-4.87156564080496
1,0.307214730865405
1,-0.658995860522346
1,-4.30888026685261
1,-1.04900084778425
1,-0.544382742196823
1,-3.3389493912158
1,-5.49918420838256
1,-0.57423486499072
1,-1.57092708472966
1,0.172794591018576
0,-2.10344375301095
1,-2.71376628084608
1,-1.05012029462546
0,-1.85421678880361
1,-1.2853541630441
0,-0.73579222249817
1,-2.43331229405835
0,-2.65737900081121
0,-2.28116163451704
1,-2.64838823454483
1,-1.1574198915174
1,-3.12058422957934
1,-4.6677084991306
1,-4.41279647668741
1,-7.0029136974921
1,-0.0365724820009152
0,-1.50949472139831
1,-1.10967340132609
1,-4.44511870843494
1,0.196261202282074
1,-4.44382753695832
1,-2.82981957909173
0,-2.74693854331333
1,-1.74642723436294
1,-3.90214486619708
0,-2.08554363429958
1,-3.19414167888537
1,-3.50690323487115
1,-0.687674896096222
1,-3.88976988311764
1,-4.35117005465482
1,-0.828441182344139
1,-2.95004014112715
0,-3.83998732967274
0,-1.00726277251216
1,-4.62248369239527
1,0.769164185252363
1,-3.61317517539158
0,-2.21714877493895
1,-2.68446803668921
1,-0.0602107141620657
1,-5.36703139109602
1,-0.475988842426764
1,-3.83510958846134
0,-1.27198712435871
0,-1.4844146081931
1,-3.66489167914083
1,-1.14399390334121
0,-1.26987455671742
1,-3.00958306356851
1,-1.97680809542493
0,-2.23321900058588
1,-1.23699887931004
0,-1.48240141941539
1,-2.269601058965
1,-2.60051221359549
1,-0.446306175357673
1,-5.20543510839378
1,-0.732477536459658
1,-4.31379069919789
1,-1.82334505546823
1,-4.80804951429542
1,0.219531892488206
1,-3.91637929651599
1,-4.25205258524416
1,-3.1242516719677
1,-1.57984364171933
1,-4.19212959506237
1,-2.76307380589703
1,-0.138753110683875
1,-3.88444738835856
1,-2.21700563849238
1,-0.471489849663074
0,-1.37126583291751
0,-0.458495054413082
1,-1.88793402508377
1,-2.96230659366215
1,-3.11504221911259
1,-5.63035861571651
1,-2.6297664036305
1,-0.649624554266427
1,-2.35879649742236
1,-5.03626967577426
1,-0.916377023848032
1,-4.51646095066989
1,-1.25478676896304
1,1.44411715797031
1,-1.89430325635796
1,-2.34708114508984
1,-0.0178662216512484
1,-4.10653843198166
1,-4.53571359201999
1,-4.1575304640651
0,-2.18471779403596
1,-4.44445467506576
1,-2.25115814709042
0,-3.06779648542883
1,-1.15228159816431
1,-4.66099400288346
1,-2.56830839928346
1,-3.61825729366819
1,-5.21741420135122
1,-2.77560279866373
1,-3.89560746125314
1,0.387070269192175
1,-1.73864123872765
0,-1.47368908115669
1,-4.2636529266959
1,-3.03445128274721
1,-0.590832165865234
1,-2.2895134419413
1,-2.51314867792332
0,-4.05580196145088
1,-1.56799044024385
1,-3.76716941240896
1,-5.47089943973499
0,-5.20139137308883
1,-3.73080398193951
1,1.28022777972986
1,-2.9294220857437
1,-5.46577596864961
1,-0.414750712074691
1,-2.57851284123238
1,-1.43445181593924
1,0.018001881867483
1,-0.397733800814767
0,-1.34197402708917
1,-2.16924777247916
1,-0.996206476877251
0,-3.41671965475193
1,0.0116411071459916
1,-0.967006596338385
0,-1.81454825643451
1,-1.84524030571593
1,-3.19282896936359
0,-1.11577437807656
1,-0.725809786345266
1,-4.7344827037553
1,-2.22344126171717
0,-2.04582480713578
1,-1.45348608822766
1,-1.33525242729029
1,-4.07887101459021
1,-2.32478940534979
0,-3.08459498328449
0,-2.4333029105725
1,-3.45515596717033
1,-2.55834162571869
0,-3.01542158476649
1,-1.4115681695203
1,-2.01259641004306
1,-2.22812142427876
1,-0.884353221440898
1,-1.49167752766988
1,-2.44228728181921
1,-2.6431110575617
1,-1.71440178347278
0,-1.87932651744367
1,-2.41687763275091
1,-4.77473913239874
1,0.0293900614520834
1,-1.88790903669216
1,-3.91213277331898
1,-3.05768753612798
1,-1.3113015712537
1,-1.29259055266173
0,-2.94336262715996
1,-1.06075892352447
1,-2.46864051301594
1,-2.25479510653611
1,-3.50103006663194
1,-2.8353907311963
1,0.401712884196311
1,-3.45025510814675
1,-5.31585913039504
1,-2.48841955570206
0,-2.78288206956041
0,-2.60523892899021
1,-4.54647637351584
0,-0.586652610656172
1,0.391563060378005
1,-3.00760319769805
1,-1.75922655421572
1,0.0918688827694936
1,-1.22507775767729
1,-1.4704749539911
1,-4.26850278523188
1,-5.73085480187102
1,-2.11936209910705
1,-5.17589408094414
1,-5.17250751048658
1,-1.15652404620859
1,-1.89572759919083
1,-0.441967775044911
1,-4.19928978935095
0,-2.11095838296412
0,-1.74465081194158
1,-2.07779185059169
1,-4.33189477557511
1,-2.98229860377767
1,-3.00814238568333
1,-3.31182865751062
1,0.299099433745461
1,-3.39139296825999
1,1.51348957804639
1,-2.55838465738842
1,-2.41069762355484
0,-1.40630633792326
1,-3.27620234168453
1,-1.08007363920433
0,-2.10648033404728
0,-2.38418283413706
0,-5.24759008729507
1,-4.93655592298193
1,-1.30684537803266
1,-0.748211997179818
1,-2.8070322117393
1,-3.92239420593451
1,-2.80066282933935
1,-3.44447787888584
1,-2.07426528513766
1,-1.86615511441121
1,-0.673105036175203
1,-2.38537691118783
1,-4.01386746317869
0,-0.807512559357437
1,-5.00350615525535
1,-1.99410393424008
0,-1.86344906322387
1,-3.27099229611524
0,-1.66480496157104
1,-1.555124950775
1,-4.63637537914027
0,-1.39487513967069
0,-1.73353001603091
1,-0.611005355741954
1,-1.1703177996094
1,-4.18195160534059
1,-6.49591638651851
0,-0.440929051570015
1,-3.51192450921181
1,-0.128234604834473
1,-3.73098643786517
1,-2.66086548072164
1,-2.47962426693354
1,-1.76336548354404
1,-2.57664650769275
0,-1.20627279731367
1,-3.62531749978382
1,-4.62192300721625
1,-4.98969147516453
1,-3.69042166736721
1,-4.02689073253922
1,-0.591598348739745
1,-2.13752140382134
1,-1.55326312055148
1,-4.8488890372916
1,-2.9664657081195
1,-3.48535639211827
1,-2.84189162905384
1,-4.37605324404455
1,-2.97102174993222
1,-0.791392195552559
1,-3.04355083063236
1,-1.9324750485604
1,-0.0566972447742576
1,-4.59326765064408
1,-2.59062422576527
1,-4.05868411485674
0,-0.596864979616231
1,-1.27107559313844
1,-1.22492072700686
1,-3.75778601475443
1,-3.36492592474614
1,-1.19092533134784
1,-1.85380374680914
1,-1.44321857458516
1,-0.385108283976161
1,0.00780218361266427
1,-1.75146406782435
0,-2.21629469758056
1,-1.77022275539119
1,-3.98581943628199
1,-2.41869208320419
1,-1.37531026628692
1,-2.22057215125688
0,-3.55176001197606
0,-4.23693166701368
1,-3.50316109933777
1,-5.20293230854054
1,-1.91269162624034
1,-3.80420431205953
1,-0.339717974586089
1,-2.8245515088893
0,-1.252665645238
0,-2.85912711991129
0,-2.03204352144828
1,-3.3900609153166
1,-2.4197880614912
1,-0.935396028995913
1,-1.04943405541135
1,-1.98083249471713
1,-1.91620134261011
1,-2.29063205026948
0,-1.05568091742375
1,-1.14296604366106
0,-2.17874566378166
1,-1.04234411569411
0,-2.9844468387696
1,-6.13326317664702
1,-4.30108618271653
1,-2.10384358534992
1,-2.02514669254826
0,-3.57593614851851
1,-2.89346425315799
0,-4.54360544525327
1,-2.35539037236961
1,-1.68256548975051
1,-3.254660221397
1,-1.57184824165728
1,-1.88303848188611
1,-1.38273525124908
1,-2.35168652921437
1,-2.7566420817637
1,-0.330459252793468
1,-3.25725708940176
1,-1.09729375642562
1,-2.18255499175739
1,0.52114257904943
1,-3.32864967723076
1,-3.53742526457193
1,-3.10180724984561
1,-2.94107702029387
0,-0.966846560373466
0,-2.43317247641356
1,-3.62617763821028
1,-3.63362486786478
1,-0.473000783074808
1,-0.925781965927763
1,-0.567413270063431
1,-5.58104243993537
1,-1.54925298859529
1,-0.139213187731613
0,-1.37272099847933
1,-2.2552404722916
1,-4.40322363782628
1,0.186388574842097
1,0.312548476754522
1,-4.20867395672062
1,-1.0210703418797
1,-0.287214479639011
1,-2.74544246743361
1,-1.63829409938796
0,-2.15643493873364
1,-2.16379881774851
1,-3.22196285056889
1,-1.61984161743936
1,-0.0869267922804272
1,-3.17011869259571
1,-1.6495032267569
1,-3.34921508598637
0,-2.83633239640386
1,-4.37983383631767
0,-3.40376008136392
1,0.0734985165181548
0,-2.10411861524682
1,-4.02661413960217
1,-3.30627146954967
1,-0.415869201874053
1,-4.31205524404793
1,-1.8503629547085
1,-4.2204349563142
1,-4.38716701336231
1,-3.7187232559681
0,-2.6822603708706
1,-0.33616026763661
1,-3.03842707606175
1,-2.2347284077843
1,-1.94053822273395
1,-5.42133807118718
0,-2.80895022522612
0,-0.963072720229904
1,-0.331875980905591
1,-3.32931915335593
0,-3.46917723842353
1,-6.17510248412859
1,-4.49524141177431
1,-1.65152781576788
1,-1.34837888989551
1,0.244205824730451
1,-0.671802692247802
1,-1.13579218967542
1,0.666127642057581
0,-3.35400384524191
1,-4.01793314177663
0,-0.451438023519196
1,-1.38498810837557
1,-1.23645401425731
1,-3.59904880634341
1,-1.31769358458615
0,-2.35328472027857
1,-4.53872495202117
1,-0.442604041573665
1,-2.38268680243317
0,-3.51055003426515
1,-2.68260031807459
1,-3.30861673650848
1,1.89686524497292
1,-2.62415012010015
1,-3.55302146992959
0,-2.37389208201825
0,-2.34493729767037
0,-2.89718521963037
0,-2.89892195259457
1,-2.67179401058419
1,-2.79375958661463
1,-5.17364059043094
1,-0.882197040075001
1,-2.63603623410186
1,-1.49476318281886
1,-3.37303227146821
0,-4.44366448227042
1,0.124833852245701
1,-4.57815883855888
1,-3.26239003877889
1,-3.86756826609299
1,-2.76203045580828
1,-1.12411794331748
1,0.50935533164575
1,-3.74277229188445
1,-3.60876001420876
1,-0.389944991779683
1,-4.24054529418717
1,-4.55959619660396
1,-0.611089049819008
1,-4.03775797413231
0,-4.111179928067
1,0.314370992595693
1,-0.758426594804623
0,-2.20563006892211
1,-5.10038271711748
1,-2.07211552665868
1,0.277062186446614
1,-0.171940122580688
1,-0.882913984162194
0,-1.52841812679989
1,-2.56690461368035
1,-3.37164756616878
1,-1.46329726677288
1,0.110687671116164
1,1.2704881776091
1,0.160817987383106
1,-4.02258249638335
1,-5.84227905520379
1,-1.87472802458906
1,-5.99363845754863
1,-1.64594018693346
1,-2.40903268860429
1,-4.14938721731097
1,-3.1903446496761
1,-2.92273027139269
0,-3.78473141365082
1,-1.00588976627207
0,-2.92273629434378
1,-0.477922515694148
1,-2.27032790833544
1,-1.91174410818766
1,-2.34267061419629
0,-4.0431184551655
1,-2.70004429874024
1,-2.63023558901456
1,-4.54631876930709
1,-4.77898289979711
1,-4.615780835268
1,-1.37175741206802
1,-3.85445908477207
1,-4.65928535546487
1,-0.956436059522159
0,-4.10775730018823
1,-2.62181037756718
1,-3.77411796754277
1,-3.55372721329175
1,-2.79692499301211
1,-4.84577101609762
1,-5.57327860826193
0,-3.36730908002388
1,-3.21873437108003
1,-0.409280229298922
1,-2.82152943043434
1,-4.18770076297392
1,-0.140166016734999
1,-5.37715169033076
1,-1.67812555379089
1,-0.604409130521611
0,-3.23163586325545
0,-2.12760293745685
1,-3.75340479054884
1,-1.58733129987521
0,-2.58158390537205
1,-3.43091260663118
1,-2.10567610872229
1,-0.93302342346847
0,-2.72636687288406
1,-2.46297579879856
1,-0.655605816054357
1,-2.98073901355885
1,-2.90938826462069
0,-3.55316042909023
1,-1.38404348845413
0,-2.29198277909572
1,-4.850576889093
0,-2.59431302009958
0,-0.259628625977864
1,-1.27529200815227
1,-3.50422107003201
1,-6.05735646504536
1,-4.30439852934575
1,-2.68239912386568
1,-1.76270928649704
1,-4.08789437941167
1,-2.74647460274295
1,-2.76415183123412
1,-3.57876343215171
1,-0.111613114536506
1,-4.54886904748692
0,-2.66321193328428
1,-0.913620717478355
1,-1.95502740723023
1,-0.516121231143574
1,-3.4687360259106
1,0.688130600483136
1,-3.03524703742467
1,-1.50896159597837
1,-0.879368247638049
0,-4.07106760501852
1,-2.00626307791018
1,-3.81100178400349
1,-2.36920927304294
1,1.80226405955089
1,0.980166242864253
0,-1.95224513929199
1,-3.06453710645078
1,-5.08695820373213
1,-2.890452672681
1,-1.10022047176303
1,-0.374168846692205
0,-2.76677903304245
1,-3.96571215978964
1,-5.35287963168407
1,-1.10795850062252
0,-3.70729572650414
1,-4.9744853132432
1,-3.73440168753171
1,-1.38719622308563
1,-3.11044161542945
1,-4.82669320261878
0,-2.54508108828675
1,-5.80214530750641
1,-0.311781112460628
0,-0.0665425481831472
1,1.18773845440141
1,-3.50431740487629
0,-0.704010205515954
0,-2.40366688441893
1,-2.37176024060747
1,-1.5251563956187
0,-2.63662244923566
1,-4.1230802371935
1,-2.59658384795264
1,-4.27892891485545
1,1.40978323360942
1,-1.16490140179952
1,-2.75748000925484
1,-2.59070206246324
1,-1.35028221205671
1,-4.58672143056777
1,-4.99086442318685
1,0.87082951736178
1,-0.106654946239753
1,-4.49262599478093
1,-0.112175462413254
1,-2.6744900454868
1,-1.4746188338326
1,-5.11484198453953
1,-2.74185060523719
1,0.612355249041993
1,-4.46807338886487
1,-1.58008916057986
1,-2.09787077717274
1,0.489184559020352
1,-2.29923459126668
1,-5.30495163118358
1,-3.55589574072031
1,-1.06693265981164
0,-2.141298920224
1,0.948984349771231
1,-3.53342598432162
1,-0.63813984298333
1,-2.49493756703321
1,-4.75356646543131
1,1.31735533959459
1,-0.681900243326859
0,-1.6527671985858
1,-4.03154431249989
1,-1.9212135090031
1,-2.38415940989745
1,-5.62715896168712
1,-2.67443442102902
1,-4.84388338546588
1,-0.483894514402882
1,-3.7179564147262
1,-1.9458959932011
1,-4.76030270055141
1,-6.54001158075868
1,-2.47864847654291
1,0.488785026519547
1,-4.17802707433107
1,-3.31806385018798
1,-1.64437147023106
1,-5.14179706326631
0,-1.9992916845861
1,0.519181715265782
1,-1.58162255165939
0,-1.60669007604717
1,-2.7400452634922
1,-5.46511846944455
1,-3.4372973858701
1,-4.19261823598921
1,-0.724539817747622
0,-2.61946445800633
0,-1.94890650891106
1,0.970007199099335
0,-1.52943518704595
1,-4.28526396395605
1,-1.79702270474793
1,1.05829019788679
1,-3.90512455313806
1,-3.18656769524954
1,-3.87007419608229
1,-3.23936756032498
1,-4.03660550581838
1,1.52756648779323
1,-6.30954861147518
0,-2.34142015634226
1,-4.42454315196629
1,-2.51485092088366
1,-1.99071375917523
1,-1.19903022516203
1,-0.964399337844105
1,-1.86786936939089
1,0.564234127334572
0,-2.19981838417718
1,-1.26811665841392
1,-2.62892754106486
1,-4.32842912737837
1,-4.44112734848953
1,-5.21038617278919
1,-0.276231004853175
1,-4.36091718384124
1,-0.29334513257149
0,-2.03973382253184
1,-2.93631317403247
1,-3.14386658226939
1,-3.03624673176597
1,-2.25184561593894
0,-1.85985171571828
1,-1.28659784837057
0,-1.42787122738146
1,-2.78208770163204
1,-2.54061693753828
1,-2.56713656915398
1,-0.362117149086429
1,-6.12564469893695
1,-2.62234654623622
1,-0.788713861783454
1,-3.8033243113708
1,-2.51507130469792
1,-2.86363914613909
1,-1.83223971393336
1,-5.12798177516249
1,-4.9316917166139
1,-4.97424591394152
1,-1.20102997924464
1,-2.0920341584143
1,-2.02347874631037
1,-3.51587295295325
1,-1.29092567788652
0,-2.07853810283486
1,-3.73591116253659
1,-2.45479731195384
1,-4.85208858927896
1,-2.67800624728965
1,-0.555065834746963
1,-1.25385118647132
1,0.683320072255209
1,-6.35468363602272
1,0.687426928866767
1,-6.34333128610876
0,-2.09279100206178
1,-1.94886922995128
0,-0.789659723793373
0,-3.5636834959401
1,-3.18810696971228
0,-2.44254908834964
0,-1.43155327115047
1,-5.09758944144342
1,-3.69914188506314
1,-2.48344841446538
1,-1.06643444878674
0,-1.77522084844567
1,-2.94175253956892
1,-4.39349293422635
1,-3.94691793941684
0,-1.73646445490917
1,-2.42839322423322
1,-2.56608317620623
1,-3.66796768443283
0,-1.39804458912521
0,-1.13065861975338
1,-0.980697949989238
1,-1.50689019770655
1,0.296029329930395
0,0.100819005096755
1,-1.52514705503022
1,-3.54434688190512
0,-1.18139834231842
1,-4.09307925116
1,-5.80873006840111
1,-3.17780496685393
1,-1.95331288710677
1,-2.9596649075465
0,-3.01359518660171
1,-4.12596265442431
1,-1.05642891605948
1,-3.29465212750329
1,0.155814618337449
1,-0.364730793275206
0,-3.30858859660833
1,-1.02252299515683
1,-2.68862048352134
1,-0.512009051660953
1,-2.00755389114488
1,0.635460961715501
1,-3.17690485737229
1,-1.72043397207438
1,-0.200982379450641
1,-3.38311687764289
0,-2.23310557979025
1,-0.276277483594352
1,-2.39577846969679
0,-2.20610763645523
0,-3.61998214879677
0,-0.898076825537711
1,-4.31238925583889
0,-1.57539598902632
1,0.602169923235859
1,-0.509791205846093
1,-1.47986189536292
0,-4.04488877660447
1,-5.44780825452332
1,-5.41607111518558
0,-3.68603153235966
1,0.433343096239394
1,-1.99667555573963
1,-3.25466909470822
1,-5.01915778255614
1,-2.74506523656275
1,-3.51187439810451
1,-3.15303099876891
1,-2.81476209855304
0,-1.46653339005916
1,-3.56621146780796
1,0.427700376165032
0,-1.00128043477196
1,-3.45164986572345
0,-2.30853500332202
1,-2.68920874870382
1,-3.31958705205318
1,-2.99133588936537
1,-3.64224034745563
1,-4.75164235719312
1,-2.21660882518452
0,-2.8455104507855
1,-1.6641575769304
1,-6.30540935922938
1,-4.07276467419661
1,-1.49180016495068
0,-2.9876243439364
1,-0.418685387937127
1,-5.43751198287563
0,-1.72850134170724
1,-0.117862244735184
1,-4.62203399604381
1,-3.5270175006885
1,-2.93617556700284
1,-1.16876352231131
0,-2.71488029914316
1,-4.08445038582599
1,-3.1274056925544
1,-6.73340748267272
1,-1.614326742138
1,-4.67586936845387
1,-5.84886130785242
1,-3.04435706234444
1,-2.02604002004664
1,-4.5775093104654
1,-0.943392283915945
0,-3.31376446472412
0,-0.571943217511015
1,-4.33283270120722
1,0.162186175755109
1,-3.92688241042262
1,-1.73790597015878
0,-3.80715093926948
1,-5.35989883105682
1,-5.56343756572507
1,-1.90627831368278
1,-2.95815420343744
1,-4.26011539547443
1,-3.58202491185436
0,-2.03440958495027
1,-3.95704495385731
1,-5.46829290779692
1,-3.27841349719402
1,-2.00624599105408
1,-0.714984669605559
0,-1.30692445665857
1,-3.78849176823724
1,-1.92501190790754
1,-5.76325598521321
0,-3.194778241967
0,-0.986734675893144
1,-4.72998486361368
1,-2.93418097278295
1,-4.08296201517098
0,-2.50089465257118
1,-1.61684320215236
1,-4.29024325726777
1,-4.96975338597445
1,0.703712433425106
1,-1.72231520700334
0,-2.90146883300793
1,-0.893897458367343
1,-1.6979082483407
1,-1.57483149081458
1,-2.36487147952089
0,-3.71906145438732
1,-1.68538111518993
1,-4.97625561010065
1,-4.41319536346935
1,-4.40247139219668
1,-3.36585797027925
1,-0.900590368430793
0,-1.63291905108831
1,-2.4447973153791
1,-3.71055395669983
1,-1.26729528066122
0,-2.28468661716459
1,-4.30583178821991
1,-0.711995046507526
1,-1.7227994412293
1,-2.95024361832396
1,-1.94610164148984
1,-0.669981004811148
0,-1.76762697344336
1,-3.76683681759512
1,-0.754279402381413
1,-2.77406753069527
1,-1.11406734387415
1,-3.76580975650542
1,-4.77596581773758
0,-1.97796772354713
1,0.590617781740218
0,-1.31614182596209
1,-0.425576079243506
1,-2.86268547697928
1,-1.35503101775705
1,-1.71916595156504
1,-3.39781259251334
1,-0.0524567100219547
1,-5.2296456724301
0,-1.43036886873085
1,-0.845389788005354
0,-1.38127983495869
1,-0.257546211655707
1,-1.14868506052388
0,-1.50478107960351
1,0.418207459480024
1,-0.179601948398606
1,-3.29843618751038
1,-1.50981717086371
0,-2.01580552382165
1,-1.02170221361533
1,-2.61401052030696
1,-4.34814866240979
1,-3.88001971571397
1,-2.13106208614268
1,-0.992064694759188
1,-2.62049160437088
1,-0.904534138948155
1,-4.77811665971263
1,-3.19066618189375
1,-3.05911576016117
1,-3.32041220525855
1,-1.55721043322377
1,-3.1477094793332
1,-4.21679902316769
0,-2.81721302227504
1,-4.13005608152283
0,-2.88030222701957
1,-0.174913384369386
1,-0.7742961783791
1,-3.93942293560357
1,-5.22662241005965
1,-1.51106008057022
1,-3.13152988243501
0,-2.95425575125083
1,-1.45599670475304
1,-4.29061072411223
1,-4.46152674367497
1,-5.8613586650579
1,-4.97473608203642
1,-1.6914634919965
0,-2.1227135049062
1,-3.93028434927827
0,-1.26559167031121
1,-2.82309429576449
1,-4.13142545346579
0,-2.98086997141164
1,-2.66746017062919
1,-4.87375103481377
0,-3.15069890099377
1,-3.14934660386862
1,-1.69120258612102
1,-6.99461684557639
1,0.765763741177986
1,-2.45368491133936
0,-3.07439703038136
1,-0.411307588131588
0,-2.9700164212665
1,-4.54898221024536
1,-1.39796956585165
0,-1.48781124278037
1,-5.22465782365547
1,-1.27682243391914
1,0.779928132626466
0,-2.99812645905199
1,-2.95486173500439
0,-1.88683885882093
1,-0.588743940461331
1,-5.57557127476003
1,-5.49462073570531
1,-0.375744288772684
1,-1.20771402904931
0,-1.51559711832227
1,-0.802331585798527
1,-5.06838219342984
1,-6.0192136529846
1,-3.44565608887552
1,-5.3301281820575
1,-3.6439946345111
1,-4.17192816026055
0,-1.26083581660597
1,-0.189431148758479
1,-4.57787961452325
1,-2.60491257152582
1,-3.03187916246302
0,0.24553049944873
1,-1.74562431852522
1,-2.9806717615768
1,0.958112883832154
1,-3.69445507037571
0,-3.36574578517141
1,-2.10917223679205
1,-3.0704549430405
0,0.833969171244866
1,-1.46599927493889
1,-3.45897476808286
1,-3.91337966887746
1,-5.63657198116157
1,-2.79200071478768
1,-2.35072577777626
1,-3.87069721271077
1,-1.44714496859209
1,-3.1374828403488
0,-0.74292830402786
1,-3.2781872368209
0,-2.75433084351182
1,-0.704423837291897
1,-5.57739981250346
1,-0.920581804555202
1,-0.769430311888943
1,-2.85227325259876
0,-4.15945189939014
1,-0.626341125006579
1,-1.2474858994328
1,-2.54375049928425
0,-1.67639019989836
0,-1.65250284201982
1,-4.39493428533838
0,-4.00829992430864
0,-2.62407875405217
1,-0.123961614239904
1,-4.560099535568
1,2.05854197707324
0,-3.96010003397617
1,1.33278275333302
1,-2.77494227688692
1,-2.97208892681018
1,-2.40643161543486
0,-2.53170380225054
1,-5.08840561568721
0,-1.83090037959697
1,-1.65252843501889
1,-2.19624098145899
1,-1.07668795054461
1,-1.99975181355618
1,-3.83750754283758
1,-1.33245929406969
1,-2.13585440700376
1,-4.52519888306039
0,-2.36162001135962
1,-0.662178728286109
0,-1.5030358965757
1,-0.642018723410334
1,-2.65910681840636
1,-0.873616621642016
1,-1.08332472760375
0,-2.63718083146142
1,-2.68580745810183
1,0.597280088533286
1,-0.557286401381502
1,-3.47177558400644
1,-0.126642861890718
1,-1.71439545700867
1,-4.19951934558743
1,-4.19969380024099
1,-1.46693735286694
1,-2.91369610050905
1,-3.91826055535367
1,-1.0557672642859
1,-3.3928838404173
1,-0.627906593505636
1,-5.13495087359862
1,-5.76171894019791
1,-1.72515287558779
1,-4.90530810137047
1,-5.04256687791316
0,-2.38511026000988
1,-0.211996709185291
1,-1.57515552181846
1,-3.89164850387641
0,-3.66275369279229
1,-3.89562144965768
1,-2.49471530800046
1,-2.79195270433819
1,-1.70654585793454
0,-0.742454543602582
1,-2.09775919619459
1,-3.27271741510793
1,-0.52111932890865
0,-1.08022245449437
1,-3.2461277744971
1,-1.64784502034828
1,-1.65524107366533
0,-2.30988759390325
1,-3.7663233868557
0,-0.876883526127468
1,-1.9871670163676
0,-3.28121873792837
1,-2.48232960950065
1,-1.21855154123245
1,-0.736668610688227
1,-2.09931870326556
1,-2.88137206104479
1,-5.26735820705394
1,-0.081989657572385
0,-2.98624029901035
1,-1.59882606225871
1,-2.49483425439835
1,-5.2112709899183
1,-2.52913372171065
0,-2.36924340743811
1,-3.9406501995405
0,-1.80672668467033
0,-1.57241155455346
1,-1.96285694146901
1,-2.93499265528857
1,-0.494736066551738
1,-0.677329205801189
1,-4.39720777098448
1,-5.07326538351219
0,-2.65857087915
0,-1.59263697519207
1,-1.0971403250875
1,0.108789176220454
0,-3.12141834935342
1,-5.03743773680904
1,-4.56136271685747
1,-0.205782835681065
0,-2.35136286999791
1,-3.25880506589798
1,-3.13315689388469
0,-2.99814224810901
1,-0.788252246466111
1,-4.25073500532492
1,-3.30206739084711
0,-1.88527647424384
1,-4.97061788148552
0,-2.01094337669805
1,0.357098272989913
1,-1.71207332347453
1,0.0483702504054515
0,-1.76462794628861
0,-3.07994319664097
1,-3.16643936335664
0,-1.21093691476722
0,-3.1633650259374
0,-3.06955122418347
1,-4.29128254366618
1,-3.1993696849101
1,-2.92126479719596
1,-1.13609020649863
1,0.133344358025557
0,-2.7526102299294
0,-1.7439078408338
1,-0.944213982448408
1,-2.28785893450961
1,-0.583774604643302
1,-6.32348030485352
1,-1.69508406143724
1,-1.7551921954808
0,-3.45086254701584
1,-3.53191318643825
1,-1.40774528555302
1,-1.41807117633288
1,-1.71634487565554
1,-5.00572839685525
1,-4.9324357892494
1,0.946359903967659
1,-1.8629822764155
1,-2.93669787458593
1,-1.11126348609809
1,-3.56509640545832
1,-3.59289566404699
1,-0.999667318406595
1,-1.79323051911275
1,-6.27394445993007
1,-1.59429646559791
1,-1.68111829320013
1,-2.21519263488307
1,-3.41217922313671
1,-1.29315096296226
0,-2.20859878626849
1,-3.53502456793769
1,-3.3108076481415
0,-3.4805010842507
0,-2.98191848974418
1,-3.60244788916386
1,-1.41893698111631
1,-4.11761832512058
0,-2.24397271439081
0,-2.17590667874517
1,-1.5226599102859
1,-4.33537853451706
1,-1.87725134519252
1,-1.2053943600918
1,-4.41533572939824
1,-0.892720859537089
1,-1.23734008159793
1,-0.422330541060977
1,-1.10850555767632
1,-4.8756130805911
1,-3.97693958320313
0,-1.40649826377798
1,-1.73172229366316
1,-2.34675181671655
0,-0.97325571757565
0,-2.70605828521463
1,-0.870827070519858
0,-2.94500584839442
0,-3.6966402055835
1,-2.7893307029473
0,-3.07108781929641
1,-0.115321245218727
0,-4.62094713346805
1,-3.94606663363279
1,-3.72957876117365
1,-5.48805781030116
0,-1.29331793137429
1,-3.66570456829156
0,-2.61406706070969
1,-5.36727291986457
1,-0.907977683414473
1,-2.51800914576529
1,-1.21083729075715
0,-1.48973306367152
1,0.830026452082304
1,-0.392124305498107
0,-2.55947818689044
0,-1.23257422221866
1,-2.29995639635905
1,-2.00452562109115
1,-0.954883524102426
0,-1.92296068386104
0,-3.51814283612766
1,-0.297142168856534
1,-1.61866361891348
1,-2.54041452367844
1,-1.14779888520649
1,-4.30681630372032
0,-1.2339002562032
1,-1.55489392811436
1,-1.75581310498864
1,-2.63226581520563
1,0.216612964898121
1,-1.81990680742957
1,-3.51010637151628
1,-3.78394313367706
0,0.0914559093392069
1,-4.47487355079797
1,-0.926464119210276
0,-3.665121275531
1,-3.12766727724068
1,-3.89750064857083
1,-3.79403700939727
1,-3.3061256028534
0,-2.34849702511038
1,-1.15913618965456
1,-2.4514664544721
1,-2.69971339724232
0,-2.57800377849288
1,-0.94351882680579
0,-1.04603316592955
0,-1.55574156760112
1,-0.751930006010824
1,-4.09279958653889
0,-2.62724195625239
1,-1.1158819365358
1,-0.354454278938693
1,-1.31121138360521
1,-3.93173881565303
0,-1.3710615193013
1,-3.93998484200922
1,-0.560986098852386
1,-4.9690617195933
1,-2.08569002160893
1,-2.26228645058002
1,-4.2556646308219
1,-3.62032019905148
1,-2.23106989642221
0,-3.03344478627999
0,-1.97389772510063
0,-3.91472685684258
1,-4.59140716277676
1,-2.96983886885319
1,1.54327281845117
1,-0.808799268972031
1,-2.96930175731973
1,-1.2306426085184
1,-5.87928147983826
1,-4.24056346302778
1,-0.583365492509697
0,-4.09112922790864
1,-1.77118263633778
1,-2.57306107054163
1,-2.99554246480196
1,-3.04060952580278
0,-0.484829329562053
1,-3.15761089249813
1,-0.316006514869508
1,-1.76904618636654
1,1.4257623840229
1,-0.97738503825795
0,-2.58348503505816
1,-4.1215492636772
1,-2.33410820115046
1,-2.79107823612277
1,-0.493970151775653
0,-4.19919425553633
1,-2.54575979461349
1,-5.56812660336772
1,-3.2801019033897
0,-2.15645989992322
1,0.0110610743622646
1,0.347278847751654
1,-5.09732622036278
1,-2.23081710734284
1,-4.36470684241422
0,-1.61587347065949
0,-1.12365814058803
1,-1.61795132643672
1,-2.69475854117349
0,-3.95620406513428
1,-2.28968704054904
1,-1.75352794281267
1,-3.83243272109995
0,-1.64237044437868
1,0.27895383136054
1,-1.98384228218523
1,-5.39860030877961
0,-3.5727307217695
0,-3.23090688627799
0,-3.35569691885361
1,-4.54630949673551
1,-0.14155732658688
1,-1.68470094035823
1,-3.68838917041765
1,-0.307212259308011
1,-1.28982903761393
1,-2.7354864732241
1,-3.22496644070789
1,1.27611066425224
0,-1.72774509944643
1,-1.50050430033758
1,-3.52557370051217
1,-3.21108245560943
1,-3.40362761027966
0,-2.77251307373766
1,-0.55626094943734
1,-0.591272923665573
1,-2.75532009218459
0,-2.65270982193757
1,-4.15251606188731
1,-5.50932038079906
1,0.662737790719
1,-2.98540820213945
0,-1.10041766572437
1,-1.70707296488744
1,-1.03771276813288
0,-3.95934988963156
1,-1.17744257648796
0,-2.04449586894281
0,-1.48128185362333
1,-4.2959185553695
1,-3.00078144003933
1,-1.51147028007127
0,-3.35759570670009
1,-0.0663566098750587
1,-0.194085908759299
0,-1.47336355304946
1,-3.53494313903968
1,-1.81871766299083
1,-3.59819017562882
1,-2.62053732596424
1,-3.21526800823625
1,-2.08185652304849
1,-1.77647585088238
1,-1.70272778230274
1,0.0451218464959282
1,-4.63104591244451
1,-4.60230525695546
1,-1.48973315461395
1,-3.62219551028611
1,-2.26229156575052
1,-4.65148609545326
0,-2.35773658302485
1,-4.47702211616522
1,-4.70478210447705
1,-4.40661585019197
0,-3.14533495979273
1,-2.04161321660726
1,-0.519459640865622
1,-3.92046594754096
1,-3.06077820183809
1,-1.86702258357037
1,-2.55086437053793
1,-4.46144889992635
0,-2.49813737281427
1,-1.1239255591983
0,-3.60672893443925
1,-0.355430055395656
1,-1.52215168936107
1,-1.23627486650469
1,-4.36055154735801
1,-0.364868246192302
1,0.237052181810836
1,-1.49661333137485
1,0.529166877991028
1,-1.69717481011314
1,-0.437435635797857
1,-3.01492447542782
1,-4.93521623975443
1,-2.10848738578634
1,-2.88237592429403
1,-4.88881035180377
1,-3.24557910663255
1,-4.89383072295537
1,0.489133234701393
1,-1.48820494194749
1,1.78569751843761
1,-4.4926717443851
1,-3.96153160562164
1,0.103648052007616
1,0.4996539994519
1,-1.16986348607596
1,-2.05806350134966
1,-3.28984537572908
1,-4.46854413116715
0,-4.12750379567638
1,-4.70033037530769
1,1.54369452982152
0,-2.17079570676199
1,-4.58269931837173
0,-2.01172599427191
1,-1.61815170253705
1,-3.03349069940931
1,-3.4131880784777
1,-2.82807486290366
0,-2.99969169246952
0,-2.06545664559212
1,-4.62319545739045
1,1.7151939848417
1,-2.73766658120861
1,-1.8798431476021
0,-1.40724710966833
0,-2.45060393305066
1,-3.40802197434954
1,-1.03810786919892
0,-4.26161294528896
1,-3.80304942139055
1,-1.1195704684952
1,0.348369546331987
1,-1.82227195378114
1,-1.61479592777621
1,-3.1907680910561
0,-2.95326599677511
0,-3.15202505042178
1,-2.63227574603065
1,-2.84834103018056
1,-3.29265224837836
1,-1.65164030195774
1,-0.432364477100918
1,-2.62912408893355
1,-3.63537240839604
1,-3.68047805251305
1,-2.9408933035645
1,-2.01306782310381
0,-4.49598878507315
1,-4.49652342872983
1,-3.86179283746262
1,0.202685045993316
0,-2.0509415264545
1,-0.098653018844717
1,-1.94468306103969
1,-4.51800179535215
1,-4.80320744226556
1,-1.50574337373091
1,-3.32074562565582
1,-1.3552059390506
1,-3.04645774795759
0,-1.49273674111229
1,-1.19013208369063
1,-1.6169203355078
1,-2.87923233510491
1,1.69558481330993
1,-5.19351533689395
1,-2.13987621112554
0,-0.545146233014511
1,-2.57041755764979
1,-4.97243475603415
0,-2.78723181364812
0,-1.56058025792349
1,-2.38305171916798
1,-1.84606285262161
1,-1.35035989332804
1,-1.79693597646869
1,-5.09930567843183
1,-1.26655138822424
1,-3.61271894909125
1,-1.07656980903782
1,-1.560619299198
1,-3.42873370746733
1,-1.54862079165401
1,-2.87983007177901
1,-1.18491395334831
1,-1.65487044183517
0,-1.89381759837977
1,-1.01929191591801
0,-1.2628450284135
0,-1.36803968969276
0,-3.07165437937213
1,0.167725254132797
0,-1.84674872888677
0,-2.85628615086041
1,-4.45523920724842
0,-1.04379640672252
1,-3.37904510228078
1,-1.81436125078804
1,-4.61054732455788
1,-4.96347222524876
1,-4.14437497397765
0,-2.74053695593438
1,-1.12350184221916
1,-0.67044721654657
1,-3.15677316446782
0,-3.42082715811241
1,-2.81143843849229
1,-3.19689240414679
1,-2.38229477867013
1,0.173085194535573
1,-3.65146767027167
1,-0.891626157368609
1,-2.65278534799789
1,1.32744673828231
1,-4.81342575475813
1,-2.6309557110842
1,-2.42745495018279
1,-3.35741624054527
1,-1.73439048873422
0,-3.73320150283863
1,0.7636959589665
1,-4.83037764598426
1,-0.449440791262553
1,-4.53087666341709
1,-4.36310983353982
1,-3.47567345300397
1,-3.80699087395301
1,-1.62474907009775
1,-0.0840687606565815
1,-4.81168167861336
1,-5.67284120341291
1,-0.611090522704561
1,-0.310363455323655
1,-4.65654764685415
1,-1.55681656867587
1,-1.39487713522314
1,-2.31527951542835
1,-4.94715973933529
1,0.0379439408673488
0,-3.19480685415089
1,-1.07865886494274
1,-1.96448174057702
1,-4.62013734951196
1,0.133957288691184
0,-2.85044273860737
1,-0.865161917995325
1,-3.26199033814597
0,-0.454015825768418
1,-2.67084107235545
0,-4.91609222369072
0,-1.47049010465816
0,-4.126983142859
1,-1.90955121845924
1,-1.99112332189006
1,-3.13375937373276
1,-0.899151487027984
1,-1.33004489823496
1,-2.84301502389495
1,-5.34246156345144
1,-3.00045882907719
1,-2.76149404567468
1,-4.04473589240453
0,-3.38140271159421
0,-3.55064659446672
1,-1.44074196874309
1,-1.71811325617719
0,-4.32163160494623
1,-3.89475298544735
0,-1.91888371321413
1,-2.35914746491845
1,-0.868621112238911
1,-2.97587610012525
1,-2.60223753404515
1,-0.221385152517352
1,1.26110577553715
1,-0.553209114350119
1,-4.888523177247
1,-4.82380799961999
1,-5.29937494957469
0,-1.97125298112069
1,-2.59212590681578
1,-0.623738863205363
1,-1.86326843245034
1,-3.62332346476645
0,-1.42334151457773
1,-3.13051686767602
1,-2.65471485280564
1,-0.196644043075381
1,-5.81573708885034
1,-3.13998985657744
1,-0.391727301889037
0,-2.60147984364285
1,-3.22433117707142
1,-3.61926593545647
1,-4.35902894033057
1,-1.08096751037225
1,-1.40448871050624
1,-1.39494322111669
1,-0.981265891485288
0,-3.44679682682527
1,-5.35069119572224
1,-1.31873015188643
1,0.0903971214170154
0,-1.25468952245376
1,-4.68303605034446
0,-1.77780452385949
1,-1.11165765322159
1,-1.48567170341637
1,-1.22752556795099
1,-3.29399965077234
1,-1.27381246373652
1,0.0173968174561184
1,-2.56012076660935
1,-2.93522275224034
1,-5.53830980603553
0,-3.17865848339476
1,-2.84915583866972
1,-4.56125093191561
1,-2.52994791645978
1,-7.24131582778121
1,-2.86327316533073
0,-0.777140924437678
1,-0.932174476367806
1,0.817942517275891
1,0.134872583110017
1,-1.35061942044529
0,-3.19389811098177
1,-2.50502385866369
0,-3.06562784081724
0,-3.87404867026881
1,-0.529075356072447
1,-2.19590012238859
0,-2.09926143817958
1,-2.50384691285015
1,-1.14851836573735
1,-0.91336101086841
1,-2.31167187549347
1,-1.45210343080325
0,-2.90625638990617
1,-1.36807105245894
0,-1.30321098475195
1,-2.52077392610535
1,-3.59738361827705
1,-2.04489769715125
1,-0.556154797497345
1,-2.97245141958527
1,-2.78929911695742
1,-2.41672062089349
1,-3.65266133416515
1,-4.98682074756546
1,-4.57988684178744
1,-3.63574612640295
1,-1.49370403357326
1,-4.28339187523254
1,-2.54046682076748
1,-3.01437437549247
1,-4.48547478645505
1,-2.72120971497884
0,-1.90156383797316
1,-4.46241828454842
0,-1.73638412333532
1,-3.55308879799803
1,-1.66519748154794
1,-2.91907345016253
1,-4.00773616999443
1,-2.70315691433653
1,0.266815061034049
1,0.712815288864952
1,-1.5445611294101
